utc_timestamp,load_MW,wind_gen_MW,solar_gen_MW
2020-01-01 00:00:00+00:00,4063.0,323.0,0.0
2020-01-01 01:00:00+00:00,3924.0,306.0,0.0
2020-01-01 02:00:00+00:00,3838.0,351.0,0.0
2020-01-01 03:00:00+00:00,3795.0,431.0,0.0
2020-01-01 04:00:00+00:00,3800.0,484.0,0.0
2020-01-01 05:00:00+00:00,3886.0,483.0,0.0
2020-01-01 06:00:00+00:00,4071.0,511.0,56.0
2020-01-01 07:00:00+00:00,4304.0,490.0,231.0
2020-01-01 08:00:00+00:00,4443.0,443.0,422.0
2020-01-01 09:00:00+00:00,4499.0,450.0,521.0
2020-01-01 10:00:00+00:00,4493.0,414.0,520.0
2020-01-01 11:00:00+00:00,4400.0,388.0,446.0
2020-01-01 12:00:00+00:00,4324.0,331.0,300.0
2020-01-01 13:00:00+00:00,4351.0,344.0,133.0
2020-01-01 14:00:00+00:00,4548.0,336.0,22.0
2020-01-01 15:00:00+00:00,4957.0,344.0,0.0
2020-01-01 16:00:00+00:00,5191.0,369.0,0.0
2020-01-01 17:00:00+00:00,5127.0,350.0,0.0
2020-01-01 18:00:00+00:00,4999.0,340.0,0.0
2020-01-01 19:00:00+00:00,4821.0,407.0,0.0
2020-01-01 20:00:00+00:00,4722.0,441.0,0.0
2020-01-01 21:00:00+00:00,4468.0,492.0,0.0
2020-01-01 22:00:00+00:00,4151.0,469.0,0.0
2020-01-01 23:00:00+00:00,3938.0,392.0,0.0
2020-01-02 00:00:00+00:00,3824.0,358.0,0.0
2020-01-02 01:00:00+00:00,3772.0,360.0,0.0
2020-01-02 02:00:00+00:00,3811.0,379.0,0.0
2020-01-02 03:00:00+00:00,3929.0,415.0,0.0
2020-01-02 04:00:00+00:00,4249.0,422.0,0.0
2020-01-02 05:00:00+00:00,4714.0,415.0,1.0
2020-01-02 06:00:00+00:00,5248.0,332.0,80.0
2020-01-02 07:00:00+00:00,5531.0,186.0,307.0
2020-01-02 08:00:00+00:00,5546.0,136.0,532.0
2020-01-02 09:00:00+00:00,5459.0,126.0,656.0
2020-01-02 10:00:00+00:00,5323.0,104.0,683.0
2020-01-02 11:00:00+00:00,5203.0,115.0,631.0
2020-01-02 12:00:00+00:00,5119.0,130.0,474.0
2020-01-02 13:00:00+00:00,5114.0,98.0,231.0
2020-01-02 14:00:00+00:00,5279.0,68.0,37.0
2020-01-02 15:00:00+00:00,5661.0,42.0,0.0
2020-01-02 16:00:00+00:00,5902.0,28.0,0.0
2020-01-02 17:00:00+00:00,5859.0,29.0,0.0
2020-01-02 18:00:00+00:00,5642.0,45.0,0.0
2020-01-02 19:00:00+00:00,5429.0,66.0,0.0
2020-01-02 20:00:00+00:00,5290.0,83.0,0.0
2020-01-02 21:00:00+00:00,4988.0,120.0,0.0
2020-01-02 22:00:00+00:00,4628.0,154.0,0.0
2020-01-02 23:00:00+00:00,4381.0,174.0,0.0
2020-01-03 00:00:00+00:00,4243.0,197.0,0.0
2020-01-03 01:00:00+00:00,4211.0,185.0,0.0
2020-01-03 02:00:00+00:00,4211.0,203.0,0.0
2020-01-03 03:00:00+00:00,4327.0,215.0,0.0
2020-01-03 04:00:00+00:00,4629.0,203.0,0.0
2020-01-03 05:00:00+00:00,5091.0,238.0,1.0
2020-01-03 06:00:00+00:00,5583.0,284.0,65.0
2020-01-03 07:00:00+00:00,5798.0,283.0,239.0
2020-01-03 08:00:00+00:00,5746.0,250.0,477.0
2020-01-03 09:00:00+00:00,5577.0,226.0,554.0
2020-01-03 10:00:00+00:00,5389.0,212.0,558.0
2020-01-03 11:00:00+00:00,5278.0,210.0,506.0
2020-01-03 12:00:00+00:00,5145.0,168.0,376.0
2020-01-03 13:00:00+00:00,5147.0,172.0,205.0
2020-01-03 14:00:00+00:00,5306.0,267.0,37.0
2020-01-03 15:00:00+00:00,5703.0,365.0,0.0
2020-01-03 16:00:00+00:00,5938.0,479.0,0.0
2020-01-03 17:00:00+00:00,5865.0,498.0,0.0
2020-01-03 18:00:00+00:00,5631.0,488.0,0.0
2020-01-03 19:00:00+00:00,5399.0,487.0,0.0
2020-01-03 20:00:00+00:00,5257.0,486.0,0.0
2020-01-03 21:00:00+00:00,4950.0,479.0,0.0
2020-01-03 22:00:00+00:00,4608.0,503.0,0.0
2020-01-03 23:00:00+00:00,4364.0,476.0,0.0
2020-01-04 00:00:00+00:00,4216.0,481.0,0.0
2020-01-04 01:00:00+00:00,4172.0,497.0,0.0
2020-01-04 02:00:00+00:00,4166.0,459.0,0.0
2020-01-04 03:00:00+00:00,4226.0,450.0,0.0
2020-01-04 04:00:00+00:00,4366.0,431.0,0.0
2020-01-04 05:00:00+00:00,4624.0,398.0,1.0
2020-01-04 06:00:00+00:00,5064.0,380.0,89.0
2020-01-04 07:00:00+00:00,5320.0,262.0,332.0
2020-01-04 08:00:00+00:00,5307.0,140.0,540.0
2020-01-04 09:00:00+00:00,5187.0,145.0,651.0
2020-01-04 10:00:00+00:00,5032.0,137.0,667.0
2020-01-04 11:00:00+00:00,4857.0,116.0,605.0
2020-01-04 12:00:00+00:00,4720.0,95.0,441.0
2020-01-04 13:00:00+00:00,4754.0,91.0,201.0
2020-01-04 14:00:00+00:00,4988.0,77.0,28.0
2020-01-04 15:00:00+00:00,5492.0,116.0,0.0
2020-01-04 16:00:00+00:00,5693.0,143.0,0.0
2020-01-04 17:00:00+00:00,5561.0,158.0,0.0
2020-01-04 18:00:00+00:00,5335.0,160.0,0.0
2020-01-04 19:00:00+00:00,5095.0,158.0,0.0
2020-01-04 20:00:00+00:00,4969.0,161.0,0.0
2020-01-04 21:00:00+00:00,4695.0,161.0,0.0
2020-01-04 22:00:00+00:00,4361.0,187.0,0.0
2020-01-04 23:00:00+00:00,4130.0,206.0,0.0
2020-01-05 00:00:00+00:00,3975.0,214.0,0.0
2020-01-05 01:00:00+00:00,3913.0,186.0,0.0
2020-01-05 02:00:00+00:00,3890.0,168.0,0.0
2020-01-05 03:00:00+00:00,3924.0,251.0,0.0
2020-01-05 04:00:00+00:00,4031.0,279.0,0.0
2020-01-05 05:00:00+00:00,4230.0,287.0,0.0
2020-01-05 06:00:00+00:00,4669.0,306.0,21.0
2020-01-05 07:00:00+00:00,5088.0,378.0,85.0
2020-01-05 08:00:00+00:00,5360.0,285.0,149.0
2020-01-05 09:00:00+00:00,5456.0,267.0,182.0
2020-01-05 10:00:00+00:00,5488.0,345.0,150.0
2020-01-05 11:00:00+00:00,5456.0,425.0,85.0
2020-01-05 12:00:00+00:00,5394.0,397.0,56.0
2020-01-05 13:00:00+00:00,5421.0,417.0,31.0
2020-01-05 14:00:00+00:00,5639.0,407.0,5.0
2020-01-05 15:00:00+00:00,6020.0,439.0,0.0
2020-01-05 16:00:00+00:00,6188.0,501.0,0.0
2020-01-05 17:00:00+00:00,6045.0,520.0,0.0
2020-01-05 18:00:00+00:00,5826.0,530.0,0.0
2020-01-05 19:00:00+00:00,5500.0,542.0,0.0
2020-01-05 20:00:00+00:00,5292.0,550.0,0.0
2020-01-05 21:00:00+00:00,4917.0,546.0,0.0
2020-01-05 22:00:00+00:00,4528.0,539.0,0.0
2020-01-05 23:00:00+00:00,4303.0,530.0,0.0
2020-01-06 00:00:00+00:00,4190.0,528.0,0.0
2020-01-06 01:00:00+00:00,4155.0,531.0,0.0
2020-01-06 02:00:00+00:00,4214.0,533.0,0.0
2020-01-06 03:00:00+00:00,4399.0,501.0,0.0
2020-01-06 04:00:00+00:00,4935.0,531.0,0.0
2020-01-06 05:00:00+00:00,5517.0,541.0,0.0
2020-01-06 06:00:00+00:00,5975.0,537.0,34.0
2020-01-06 07:00:00+00:00,6156.0,540.0,139.0
2020-01-06 08:00:00+00:00,6066.0,537.0,228.0
2020-01-06 09:00:00+00:00,6050.0,541.0,255.0
2020-01-06 10:00:00+00:00,5965.0,544.0,292.0
2020-01-06 11:00:00+00:00,5940.0,540.0,239.0
2020-01-06 12:00:00+00:00,5910.0,541.0,166.0
2020-01-06 13:00:00+00:00,5946.0,546.0,74.0
2020-01-06 14:00:00+00:00,6038.0,543.0,14.0
2020-01-06 15:00:00+00:00,6204.0,545.0,0.0
2020-01-06 16:00:00+00:00,6389.0,543.0,0.0
2020-01-06 17:00:00+00:00,6318.0,541.0,0.0
2020-01-06 18:00:00+00:00,6099.0,539.0,0.0
2020-01-06 19:00:00+00:00,5824.0,534.0,0.0
2020-01-06 20:00:00+00:00,5623.0,538.0,0.0
2020-01-06 21:00:00+00:00,5239.0,541.0,0.0
2020-01-06 22:00:00+00:00,4822.0,536.0,0.0
2020-01-06 23:00:00+00:00,4583.0,534.0,0.0
2020-01-07 00:00:00+00:00,4466.0,531.0,0.0
2020-01-07 01:00:00+00:00,4430.0,531.0,0.0
2020-01-07 02:00:00+00:00,4473.0,537.0,0.0
2020-01-07 03:00:00+00:00,4649.0,538.0,0.0
2020-01-07 04:00:00+00:00,5162.0,536.0,0.0
2020-01-07 05:00:00+00:00,5740.0,538.0,0.0
2020-01-07 06:00:00+00:00,6160.0,533.0,62.0
2020-01-07 07:00:00+00:00,6304.0,528.0,274.0
2020-01-07 08:00:00+00:00,6155.0,527.0,506.0
2020-01-07 09:00:00+00:00,5995.0,531.0,631.0
2020-01-07 10:00:00+00:00,5818.0,535.0,664.0
2020-01-07 11:00:00+00:00,5723.0,537.0,633.0
2020-01-07 12:00:00+00:00,5634.0,527.0,502.0
2020-01-07 13:00:00+00:00,5678.0,518.0,260.0
2020-01-07 14:00:00+00:00,5813.0,508.0,50.0
2020-01-07 15:00:00+00:00,6187.0,476.0,0.0
2020-01-07 16:00:00+00:00,6503.0,464.0,0.0
2020-01-07 17:00:00+00:00,6407.0,450.0,0.0
2020-01-07 18:00:00+00:00,6164.0,449.0,0.0
2020-01-07 19:00:00+00:00,5927.0,464.0,0.0
2020-01-07 20:00:00+00:00,5761.0,493.0,0.0
2020-01-07 21:00:00+00:00,5395.0,507.0,0.0
2020-01-07 22:00:00+00:00,4978.0,501.0,0.0
2020-01-07 23:00:00+00:00,4736.0,489.0,0.0
2020-01-08 00:00:00+00:00,4621.0,469.0,0.0
2020-01-08 01:00:00+00:00,4585.0,497.0,0.0
2020-01-08 02:00:00+00:00,4610.0,505.0,0.0
2020-01-08 03:00:00+00:00,4790.0,506.0,0.0
2020-01-08 04:00:00+00:00,5328.0,474.0,0.0
2020-01-08 05:00:00+00:00,5930.0,445.0,1.0
2020-01-08 06:00:00+00:00,6344.0,438.0,85.0
2020-01-08 07:00:00+00:00,6415.0,407.0,329.0
2020-01-08 08:00:00+00:00,6240.0,373.0,563.0
2020-01-08 09:00:00+00:00,6050.0,376.0,683.0
2020-01-08 10:00:00+00:00,5844.0,360.0,714.0
2020-01-08 11:00:00+00:00,5745.0,340.0,671.0
2020-01-08 12:00:00+00:00,5669.0,377.0,525.0
2020-01-08 13:00:00+00:00,5682.0,368.0,277.0
2020-01-08 14:00:00+00:00,5815.0,278.0,53.0
2020-01-08 15:00:00+00:00,6217.0,295.0,0.0
2020-01-08 16:00:00+00:00,6560.0,363.0,0.0
2020-01-08 17:00:00+00:00,6547.0,418.0,0.0
2020-01-08 18:00:00+00:00,6311.0,414.0,0.0
2020-01-08 19:00:00+00:00,6066.0,387.0,0.0
2020-01-08 20:00:00+00:00,5812.0,381.0,0.0
2020-01-08 21:00:00+00:00,5375.0,332.0,0.0
2020-01-08 22:00:00+00:00,4941.0,283.0,0.0
2020-01-08 23:00:00+00:00,4677.0,245.0,0.0
2020-01-09 00:00:00+00:00,4568.0,255.0,0.0
2020-01-09 01:00:00+00:00,4531.0,256.0,0.0
2020-01-09 02:00:00+00:00,4588.0,245.0,0.0
2020-01-09 03:00:00+00:00,4749.0,232.0,0.0
2020-01-09 04:00:00+00:00,5335.0,248.0,0.0
2020-01-09 05:00:00+00:00,5938.0,240.0,1.0
2020-01-09 06:00:00+00:00,6348.0,223.0,87.0
2020-01-09 07:00:00+00:00,6459.0,94.0,326.0
2020-01-09 08:00:00+00:00,6250.0,31.0,544.0
2020-01-09 09:00:00+00:00,6028.0,17.0,643.0
2020-01-09 10:00:00+00:00,5805.0,15.0,658.0
2020-01-09 11:00:00+00:00,5696.0,14.0,609.0
2020-01-09 12:00:00+00:00,5616.0,10.0,443.0
2020-01-09 13:00:00+00:00,5611.0,8.0,226.0
2020-01-09 14:00:00+00:00,5765.0,17.0,47.0
2020-01-09 15:00:00+00:00,6122.0,40.0,0.0
2020-01-09 16:00:00+00:00,6440.0,48.0,0.0
2020-01-09 17:00:00+00:00,6393.0,40.0,0.0
2020-01-09 18:00:00+00:00,6156.0,37.0,0.0
2020-01-09 19:00:00+00:00,5926.0,62.0,0.0
2020-01-09 20:00:00+00:00,5691.0,85.0,0.0
2020-01-09 21:00:00+00:00,5273.0,92.0,0.0
2020-01-09 22:00:00+00:00,4842.0,71.0,0.0
2020-01-09 23:00:00+00:00,4581.0,53.0,0.0
2020-01-10 00:00:00+00:00,4467.0,26.0,0.0
2020-01-10 01:00:00+00:00,4443.0,27.0,0.0
2020-01-10 02:00:00+00:00,4480.0,38.0,0.0
2020-01-10 03:00:00+00:00,4654.0,33.0,0.0
2020-01-10 04:00:00+00:00,5177.0,19.0,0.0
2020-01-10 05:00:00+00:00,5768.0,13.0,1.0
2020-01-10 06:00:00+00:00,6133.0,4.0,67.0
2020-01-10 07:00:00+00:00,6195.0,3.0,244.0
2020-01-10 08:00:00+00:00,5966.0,5.0,449.0
2020-01-10 09:00:00+00:00,5746.0,21.0,622.0
2020-01-10 10:00:00+00:00,5511.0,33.0,674.0
2020-01-10 11:00:00+00:00,5412.0,27.0,632.0
2020-01-10 12:00:00+00:00,5333.0,23.0,499.0
2020-01-10 13:00:00+00:00,5334.0,26.0,266.0
2020-01-10 14:00:00+00:00,5440.0,46.0,54.0
2020-01-10 15:00:00+00:00,5832.0,81.0,0.0
2020-01-10 16:00:00+00:00,6177.0,130.0,0.0
2020-01-10 17:00:00+00:00,6125.0,186.0,0.0
2020-01-10 18:00:00+00:00,5882.0,226.0,0.0
2020-01-10 19:00:00+00:00,5626.0,208.0,0.0
2020-01-10 20:00:00+00:00,5385.0,186.0,0.0
2020-01-10 21:00:00+00:00,5065.0,117.0,0.0
2020-01-10 22:00:00+00:00,4731.0,96.0,0.0
2020-01-10 23:00:00+00:00,4479.0,94.0,0.0
2020-01-11 00:00:00+00:00,4353.0,101.0,0.0
2020-01-11 01:00:00+00:00,4294.0,119.0,0.0
2020-01-11 02:00:00+00:00,4310.0,114.0,0.0
2020-01-11 03:00:00+00:00,4359.0,76.0,0.0
2020-01-11 04:00:00+00:00,4542.0,60.0,0.0
2020-01-11 05:00:00+00:00,4827.0,49.0,1.0
2020-01-11 06:00:00+00:00,5299.0,57.0,78.0
2020-01-11 07:00:00+00:00,5587.0,70.0,279.0
2020-01-11 08:00:00+00:00,5515.0,63.0,467.0
2020-01-11 09:00:00+00:00,5363.0,72.0,503.0
2020-01-11 10:00:00+00:00,5300.0,101.0,508.0
2020-01-11 11:00:00+00:00,5177.0,97.0,413.0
2020-01-11 12:00:00+00:00,5099.0,96.0,278.0
2020-01-11 13:00:00+00:00,5132.0,88.0,96.0
2020-01-11 14:00:00+00:00,5350.0,125.0,12.0
2020-01-11 15:00:00+00:00,5737.0,144.0,0.0
2020-01-11 16:00:00+00:00,5883.0,159.0,0.0
2020-01-11 17:00:00+00:00,5718.0,216.0,0.0
2020-01-11 18:00:00+00:00,5422.0,287.0,0.0
2020-01-11 19:00:00+00:00,5193.0,367.0,0.0
2020-01-11 20:00:00+00:00,5033.0,340.0,0.0
2020-01-11 21:00:00+00:00,4747.0,283.0,0.0
2020-01-11 22:00:00+00:00,4491.0,270.0,0.0
2020-01-11 23:00:00+00:00,4264.0,273.0,0.0
2020-01-12 00:00:00+00:00,4121.0,240.0,0.0
2020-01-12 01:00:00+00:00,4049.0,255.0,0.0
2020-01-12 02:00:00+00:00,4024.0,265.0,0.0
2020-01-12 03:00:00+00:00,4044.0,266.0,0.0
2020-01-12 04:00:00+00:00,4176.0,288.0,0.0
2020-01-12 05:00:00+00:00,4406.0,323.0,0.0
2020-01-12 06:00:00+00:00,4834.0,285.0,9.0
2020-01-12 07:00:00+00:00,5231.0,229.0,41.0
2020-01-12 08:00:00+00:00,5456.0,220.0,82.0
2020-01-12 09:00:00+00:00,5507.0,190.0,113.0
2020-01-12 10:00:00+00:00,5542.0,136.0,125.0
2020-01-12 11:00:00+00:00,5416.0,82.0,143.0
2020-01-12 12:00:00+00:00,5265.0,69.0,136.0
2020-01-12 13:00:00+00:00,5254.0,46.0,83.0
2020-01-12 14:00:00+00:00,5431.0,31.0,16.0
2020-01-12 15:00:00+00:00,5875.0,26.0,0.0
2020-01-12 16:00:00+00:00,6092.0,20.0,0.0
2020-01-12 17:00:00+00:00,5991.0,9.0,0.0
2020-01-12 18:00:00+00:00,5741.0,2.0,0.0
2020-01-12 19:00:00+00:00,5451.0,0.0,0.0
2020-01-12 20:00:00+00:00,5177.0,0.0,0.0
2020-01-12 21:00:00+00:00,4828.0,1.0,0.0
2020-01-12 22:00:00+00:00,4495.0,4.0,0.0
2020-01-12 23:00:00+00:00,4271.0,10.0,0.0
2020-01-13 00:00:00+00:00,4155.0,12.0,0.0
2020-01-13 01:00:00+00:00,4086.0,12.0,0.0
2020-01-13 02:00:00+00:00,4135.0,21.0,0.0
2020-01-13 03:00:00+00:00,4351.0,29.0,0.0
2020-01-13 04:00:00+00:00,4921.0,54.0,0.0
2020-01-13 05:00:00+00:00,5537.0,71.0,0.0
2020-01-13 06:00:00+00:00,5983.0,92.0,54.0
2020-01-13 07:00:00+00:00,6157.0,84.0,217.0
2020-01-13 08:00:00+00:00,6000.0,55.0,370.0
2020-01-13 09:00:00+00:00,5838.0,72.0,480.0
2020-01-13 10:00:00+00:00,5660.0,78.0,553.0
2020-01-13 11:00:00+00:00,5618.0,63.0,559.0
2020-01-13 12:00:00+00:00,5491.0,43.0,462.0
2020-01-13 13:00:00+00:00,5488.0,43.0,253.0
2020-01-13 14:00:00+00:00,5588.0,48.0,53.0
2020-01-13 15:00:00+00:00,5899.0,54.0,0.0
2020-01-13 16:00:00+00:00,6215.0,39.0,0.0
2020-01-13 17:00:00+00:00,6174.0,39.0,0.0
2020-01-13 18:00:00+00:00,5935.0,46.0,0.0
2020-01-13 19:00:00+00:00,5660.0,44.0,0.0
2020-01-13 20:00:00+00:00,5391.0,46.0,0.0
2020-01-13 21:00:00+00:00,5006.0,42.0,0.0
2020-01-13 22:00:00+00:00,4664.0,24.0,0.0
2020-01-13 23:00:00+00:00,4458.0,8.0,0.0
2020-01-14 00:00:00+00:00,4339.0,6.0,0.0
2020-01-14 01:00:00+00:00,4325.0,3.0,0.0
2020-01-14 02:00:00+00:00,4386.0,2.0,0.0
2020-01-14 03:00:00+00:00,4546.0,3.0,0.0
2020-01-14 04:00:00+00:00,5066.0,1.0,0.0
2020-01-14 05:00:00+00:00,5667.0,4.0,0.0
2020-01-14 06:00:00+00:00,6063.0,10.0,49.0
2020-01-14 07:00:00+00:00,6209.0,11.0,209.0
2020-01-14 08:00:00+00:00,6041.0,3.0,354.0
2020-01-14 09:00:00+00:00,5895.0,0.0,437.0
2020-01-14 10:00:00+00:00,5729.0,4.0,482.0
2020-01-14 11:00:00+00:00,5602.0,7.0,489.0
2020-01-14 12:00:00+00:00,5463.0,2.0,404.0
2020-01-14 13:00:00+00:00,5475.0,1.0,224.0
2020-01-14 14:00:00+00:00,5584.0,6.0,47.0
2020-01-14 15:00:00+00:00,5952.0,9.0,0.0
2020-01-14 16:00:00+00:00,6291.0,8.0,0.0
2020-01-14 17:00:00+00:00,6262.0,22.0,0.0
2020-01-14 18:00:00+00:00,6062.0,35.0,0.0
2020-01-14 19:00:00+00:00,5802.0,51.0,0.0
2020-01-14 20:00:00+00:00,5613.0,52.0,0.0
2020-01-14 21:00:00+00:00,5130.0,46.0,0.0
2020-01-14 22:00:00+00:00,4758.0,50.0,0.0
2020-01-14 23:00:00+00:00,4547.0,49.0,0.0
2020-01-15 00:00:00+00:00,4430.0,43.0,0.0
2020-01-15 01:00:00+00:00,4413.0,20.0,0.0
2020-01-15 02:00:00+00:00,4480.0,9.0,0.0
2020-01-15 03:00:00+00:00,4652.0,9.0,0.0
2020-01-15 04:00:00+00:00,5189.0,12.0,0.0
2020-01-15 05:00:00+00:00,5768.0,9.0,0.0
2020-01-15 06:00:00+00:00,6133.0,12.0,60.0
2020-01-15 07:00:00+00:00,6282.0,16.0,241.0
2020-01-15 08:00:00+00:00,6120.0,18.0,406.0
2020-01-15 09:00:00+00:00,5978.0,30.0,490.0
2020-01-15 10:00:00+00:00,5845.0,37.0,523.0
2020-01-15 11:00:00+00:00,5755.0,21.0,508.0
2020-01-15 12:00:00+00:00,5636.0,13.0,431.0
2020-01-15 13:00:00+00:00,5645.0,9.0,248.0
2020-01-15 14:00:00+00:00,5723.0,13.0,54.0
2020-01-15 15:00:00+00:00,6062.0,30.0,0.0
2020-01-15 16:00:00+00:00,6407.0,44.0,0.0
2020-01-15 17:00:00+00:00,6424.0,39.0,0.0
2020-01-15 18:00:00+00:00,6164.0,49.0,0.0
2020-01-15 19:00:00+00:00,5903.0,56.0,0.0
2020-01-15 20:00:00+00:00,5600.0,50.0,0.0
2020-01-15 21:00:00+00:00,5167.0,55.0,0.0
2020-01-15 22:00:00+00:00,4820.0,56.0,0.0
2020-01-15 23:00:00+00:00,4589.0,26.0,0.0
2020-01-16 00:00:00+00:00,4485.0,12.0,0.0
2020-01-16 01:00:00+00:00,4449.0,17.0,0.0
2020-01-16 02:00:00+00:00,4511.0,29.0,0.0
2020-01-16 03:00:00+00:00,4671.0,29.0,0.0
2020-01-16 04:00:00+00:00,5183.0,28.0,0.0
2020-01-16 05:00:00+00:00,5782.0,31.0,0.0
2020-01-16 06:00:00+00:00,6153.0,30.0,25.0
2020-01-16 07:00:00+00:00,6320.0,33.0,83.0
2020-01-16 08:00:00+00:00,6220.0,21.0,149.0
2020-01-16 09:00:00+00:00,6149.0,24.0,208.0
2020-01-16 10:00:00+00:00,6036.0,36.0,266.0
2020-01-16 11:00:00+00:00,5979.0,41.0,287.0
2020-01-16 12:00:00+00:00,5876.0,37.0,242.0
2020-01-16 13:00:00+00:00,5841.0,57.0,137.0
2020-01-16 14:00:00+00:00,5887.0,71.0,33.0
2020-01-16 15:00:00+00:00,6143.0,77.0,0.0
2020-01-16 16:00:00+00:00,6476.0,77.0,0.0
2020-01-16 17:00:00+00:00,6470.0,80.0,0.0
2020-01-16 18:00:00+00:00,6205.0,84.0,0.0
2020-01-16 19:00:00+00:00,5916.0,97.0,0.0
2020-01-16 20:00:00+00:00,5623.0,109.0,0.0
2020-01-16 21:00:00+00:00,5204.0,125.0,0.0
2020-01-16 22:00:00+00:00,4858.0,131.0,0.0
2020-01-16 23:00:00+00:00,4616.0,158.0,0.0
2020-01-17 00:00:00+00:00,4494.0,186.0,0.0
2020-01-17 01:00:00+00:00,4472.0,198.0,0.0
2020-01-17 02:00:00+00:00,4517.0,224.0,0.0
2020-01-17 03:00:00+00:00,4694.0,237.0,0.0
2020-01-17 04:00:00+00:00,5208.0,247.0,0.0
2020-01-17 05:00:00+00:00,5759.0,266.0,0.0
2020-01-17 06:00:00+00:00,6148.0,283.0,18.0
2020-01-17 07:00:00+00:00,6349.0,271.0,70.0
2020-01-17 08:00:00+00:00,6252.0,250.0,122.0
2020-01-17 09:00:00+00:00,6174.0,221.0,167.0
2020-01-17 10:00:00+00:00,6086.0,239.0,197.0
2020-01-17 11:00:00+00:00,6007.0,270.0,212.0
2020-01-17 12:00:00+00:00,5902.0,276.0,170.0
2020-01-17 13:00:00+00:00,5900.0,254.0,96.0
2020-01-17 14:00:00+00:00,5955.0,210.0,23.0
2020-01-17 15:00:00+00:00,6196.0,177.0,0.0
2020-01-17 16:00:00+00:00,6451.0,175.0,0.0
2020-01-17 17:00:00+00:00,6355.0,167.0,0.0
2020-01-17 18:00:00+00:00,6056.0,162.0,0.0
2020-01-17 19:00:00+00:00,5813.0,166.0,0.0
2020-01-17 20:00:00+00:00,5613.0,180.0,0.0
2020-01-17 21:00:00+00:00,5245.0,185.0,0.0
2020-01-17 22:00:00+00:00,4903.0,202.0,0.0
2020-01-17 23:00:00+00:00,4648.0,198.0,0.0
2020-01-18 00:00:00+00:00,4476.0,169.0,0.0
2020-01-18 01:00:00+00:00,4425.0,176.0,0.0
2020-01-18 02:00:00+00:00,4428.0,178.0,0.0
2020-01-18 03:00:00+00:00,4469.0,185.0,0.0
2020-01-18 04:00:00+00:00,4630.0,208.0,0.0
2020-01-18 05:00:00+00:00,4940.0,190.0,0.0
2020-01-18 06:00:00+00:00,5414.0,178.0,7.0
2020-01-18 07:00:00+00:00,5818.0,157.0,36.0
2020-01-18 08:00:00+00:00,5901.0,113.0,75.0
2020-01-18 09:00:00+00:00,5866.0,86.0,135.0
2020-01-18 10:00:00+00:00,5808.0,77.0,163.0
2020-01-18 11:00:00+00:00,5660.0,82.0,147.0
2020-01-18 12:00:00+00:00,5523.0,81.0,118.0
2020-01-18 13:00:00+00:00,5478.0,60.0,71.0
2020-01-18 14:00:00+00:00,5630.0,39.0,15.0
2020-01-18 15:00:00+00:00,5960.0,38.0,0.0
2020-01-18 16:00:00+00:00,6130.0,57.0,0.0
2020-01-18 17:00:00+00:00,6015.0,54.0,0.0
2020-01-18 18:00:00+00:00,5760.0,54.0,0.0
2020-01-18 19:00:00+00:00,5455.0,49.0,0.0
2020-01-18 20:00:00+00:00,5285.0,62.0,0.0
2020-01-18 21:00:00+00:00,4986.0,69.0,0.0
2020-01-18 22:00:00+00:00,4694.0,81.0,0.0
2020-01-18 23:00:00+00:00,4481.0,102.0,0.0
2020-01-19 00:00:00+00:00,4321.0,123.0,0.0
2020-01-19 01:00:00+00:00,4269.0,146.0,0.0
2020-01-19 02:00:00+00:00,4238.0,182.0,0.0
2020-01-19 03:00:00+00:00,4305.0,137.0,0.0
2020-01-19 04:00:00+00:00,4412.0,130.0,0.0
2020-01-19 05:00:00+00:00,4613.0,139.0,0.0
2020-01-19 06:00:00+00:00,5083.0,149.0,6.0
2020-01-19 07:00:00+00:00,5526.0,221.0,30.0
2020-01-19 08:00:00+00:00,5694.0,192.0,57.0
2020-01-19 09:00:00+00:00,5770.0,199.0,81.0
2020-01-19 10:00:00+00:00,5822.0,192.0,100.0
2020-01-19 11:00:00+00:00,5728.0,214.0,97.0
2020-01-19 12:00:00+00:00,5611.0,238.0,78.0
2020-01-19 13:00:00+00:00,5628.0,271.0,39.0
2020-01-19 14:00:00+00:00,5802.0,297.0,8.0
2020-01-19 15:00:00+00:00,6169.0,343.0,0.0
2020-01-19 16:00:00+00:00,6395.0,379.0,0.0
2020-01-19 17:00:00+00:00,6267.0,367.0,0.0
2020-01-19 18:00:00+00:00,6030.0,353.0,0.0
2020-01-19 19:00:00+00:00,5691.0,348.0,0.0
2020-01-19 20:00:00+00:00,5394.0,366.0,0.0
2020-01-19 21:00:00+00:00,5036.0,410.0,0.0
2020-01-19 22:00:00+00:00,4687.0,423.0,0.0
2020-01-19 23:00:00+00:00,4456.0,444.0,0.0
2020-01-20 00:00:00+00:00,4342.0,438.0,0.0
2020-01-20 01:00:00+00:00,4303.0,421.0,0.0
2020-01-20 02:00:00+00:00,4363.0,434.0,0.0
2020-01-20 03:00:00+00:00,4554.0,458.0,0.0
2020-01-20 04:00:00+00:00,5100.0,429.0,0.0
2020-01-20 05:00:00+00:00,5689.0,416.0,0.0
2020-01-20 06:00:00+00:00,6115.0,390.0,16.0
2020-01-20 07:00:00+00:00,6357.0,382.0,87.0
2020-01-20 08:00:00+00:00,6269.0,352.0,179.0
2020-01-20 09:00:00+00:00,6157.0,353.0,236.0
2020-01-20 10:00:00+00:00,6050.0,369.0,292.0
2020-01-20 11:00:00+00:00,6023.0,417.0,312.0
2020-01-20 12:00:00+00:00,5937.0,295.0,313.0
2020-01-20 13:00:00+00:00,5943.0,247.0,211.0
2020-01-20 14:00:00+00:00,5988.0,226.0,63.0
2020-01-20 15:00:00+00:00,6167.0,253.0,1.0
2020-01-20 16:00:00+00:00,6514.0,247.0,0.0
2020-01-20 17:00:00+00:00,6507.0,161.0,0.0
2020-01-20 18:00:00+00:00,6245.0,168.0,0.0
2020-01-20 19:00:00+00:00,5996.0,191.0,0.0
2020-01-20 20:00:00+00:00,5746.0,245.0,0.0
2020-01-20 21:00:00+00:00,5289.0,305.0,0.0
2020-01-20 22:00:00+00:00,4934.0,365.0,0.0
2020-01-20 23:00:00+00:00,4700.0,325.0,0.0
2020-01-21 00:00:00+00:00,4600.0,334.0,0.0
2020-01-21 01:00:00+00:00,4560.0,365.0,0.0
2020-01-21 02:00:00+00:00,4618.0,290.0,0.0
2020-01-21 03:00:00+00:00,4776.0,181.0,0.0
2020-01-21 04:00:00+00:00,5340.0,118.0,0.0
2020-01-21 05:00:00+00:00,5929.0,134.0,1.0
2020-01-21 06:00:00+00:00,6344.0,154.0,87.0
2020-01-21 07:00:00+00:00,6419.0,129.0,290.0
2020-01-21 08:00:00+00:00,6257.0,131.0,472.0
2020-01-21 09:00:00+00:00,6108.0,101.0,581.0
2020-01-21 10:00:00+00:00,5939.0,120.0,623.0
2020-01-21 11:00:00+00:00,5829.0,141.0,592.0
2020-01-21 12:00:00+00:00,5728.0,142.0,504.0
2020-01-21 13:00:00+00:00,5730.0,147.0,307.0
2020-01-21 14:00:00+00:00,5810.0,172.0,91.0
2020-01-21 15:00:00+00:00,6149.0,206.0,1.0
2020-01-21 16:00:00+00:00,6566.0,295.0,0.0
2020-01-21 17:00:00+00:00,6545.0,388.0,0.0
2020-01-21 18:00:00+00:00,6327.0,455.0,0.0
2020-01-21 19:00:00+00:00,6090.0,489.0,0.0
2020-01-21 20:00:00+00:00,5800.0,494.0,0.0
2020-01-21 21:00:00+00:00,5395.0,488.0,0.0
2020-01-21 22:00:00+00:00,5032.0,481.0,0.0
2020-01-21 23:00:00+00:00,4779.0,494.0,0.0
2020-01-22 00:00:00+00:00,4658.0,501.0,0.0
2020-01-22 01:00:00+00:00,4626.0,492.0,0.0
2020-01-22 02:00:00+00:00,4683.0,490.0,0.0
2020-01-22 03:00:00+00:00,4868.0,485.0,0.0
2020-01-22 04:00:00+00:00,5397.0,490.0,0.0
2020-01-22 05:00:00+00:00,5992.0,469.0,2.0
2020-01-22 06:00:00+00:00,6361.0,347.0,109.0
2020-01-22 07:00:00+00:00,6397.0,200.0,378.0
2020-01-22 08:00:00+00:00,6164.0,114.0,576.0
2020-01-22 09:00:00+00:00,5958.0,113.0,669.0
2020-01-22 10:00:00+00:00,5762.0,144.0,687.0
2020-01-22 11:00:00+00:00,5623.0,172.0,641.0
2020-01-22 12:00:00+00:00,5524.0,184.0,527.0
2020-01-22 13:00:00+00:00,5514.0,261.0,323.0
2020-01-22 14:00:00+00:00,5606.0,358.0,91.0
2020-01-22 15:00:00+00:00,5963.0,324.0,1.0
2020-01-22 16:00:00+00:00,6387.0,352.0,0.0
2020-01-22 17:00:00+00:00,6425.0,359.0,0.0
2020-01-22 18:00:00+00:00,6185.0,417.0,0.0
2020-01-22 19:00:00+00:00,5912.0,392.0,0.0
2020-01-22 20:00:00+00:00,5627.0,258.0,0.0
2020-01-22 21:00:00+00:00,5197.0,254.0,0.0
2020-01-22 22:00:00+00:00,4827.0,455.0,0.0
2020-01-22 23:00:00+00:00,4591.0,568.0,0.0
2020-01-23 00:00:00+00:00,4424.0,582.0,0.0
2020-01-23 01:00:00+00:00,4379.0,565.0,0.0
2020-01-23 02:00:00+00:00,4435.0,512.0,0.0
2020-01-23 03:00:00+00:00,4647.0,515.0,0.0
2020-01-23 04:00:00+00:00,5120.0,443.0,0.0
2020-01-23 05:00:00+00:00,5689.0,404.0,2.0
2020-01-23 06:00:00+00:00,6100.0,421.0,94.0
2020-01-23 07:00:00+00:00,6190.0,439.0,335.0
2020-01-23 08:00:00+00:00,6050.0,513.0,550.0
2020-01-23 09:00:00+00:00,5925.0,502.0,664.0
2020-01-23 10:00:00+00:00,5738.0,502.0,689.0
2020-01-23 11:00:00+00:00,5628.0,502.0,660.0
2020-01-23 12:00:00+00:00,5534.0,463.0,540.0
2020-01-23 13:00:00+00:00,5563.0,369.0,343.0
2020-01-23 14:00:00+00:00,5644.0,302.0,98.0
2020-01-23 15:00:00+00:00,5957.0,258.0,2.0
2020-01-23 16:00:00+00:00,6434.0,275.0,0.0
2020-01-23 17:00:00+00:00,6451.0,308.0,0.0
2020-01-23 18:00:00+00:00,6207.0,327.0,0.0
2020-01-23 19:00:00+00:00,5947.0,294.0,0.0
2020-01-23 20:00:00+00:00,5693.0,241.0,0.0
2020-01-23 21:00:00+00:00,5306.0,159.0,0.0
2020-01-23 22:00:00+00:00,4902.0,120.0,0.0
2020-01-23 23:00:00+00:00,4674.0,99.0,0.0
2020-01-24 00:00:00+00:00,4577.0,69.0,0.0
2020-01-24 01:00:00+00:00,4544.0,47.0,0.0
2020-01-24 02:00:00+00:00,4611.0,61.0,0.0
2020-01-24 03:00:00+00:00,4790.0,46.0,0.0
2020-01-24 04:00:00+00:00,5354.0,17.0,0.0
2020-01-24 05:00:00+00:00,5944.0,7.0,2.0
2020-01-24 06:00:00+00:00,6329.0,6.0,113.0
2020-01-24 07:00:00+00:00,6372.0,15.0,385.0
2020-01-24 08:00:00+00:00,6139.0,39.0,592.0
2020-01-24 09:00:00+00:00,5931.0,77.0,694.0
2020-01-24 10:00:00+00:00,5731.0,115.0,728.0
2020-01-24 11:00:00+00:00,5605.0,123.0,691.0
2020-01-24 12:00:00+00:00,5501.0,113.0,585.0
2020-01-24 13:00:00+00:00,5486.0,93.0,374.0
2020-01-24 14:00:00+00:00,5586.0,101.0,108.0
2020-01-24 15:00:00+00:00,5899.0,186.0,2.0
2020-01-24 16:00:00+00:00,6348.0,332.0,0.0
2020-01-24 17:00:00+00:00,6333.0,337.0,0.0
2020-01-24 18:00:00+00:00,6061.0,315.0,0.0
2020-01-24 19:00:00+00:00,5801.0,291.0,0.0
2020-01-24 20:00:00+00:00,5581.0,278.0,0.0
2020-01-24 21:00:00+00:00,5215.0,254.0,0.0
2020-01-24 22:00:00+00:00,4902.0,219.0,0.0
2020-01-24 23:00:00+00:00,4698.0,193.0,0.0
2020-01-25 00:00:00+00:00,4555.0,147.0,0.0
2020-01-25 01:00:00+00:00,4485.0,157.0,0.0
2020-01-25 02:00:00+00:00,4490.0,219.0,0.0
2020-01-25 03:00:00+00:00,4598.0,230.0,0.0
2020-01-25 04:00:00+00:00,4777.0,244.0,0.0
2020-01-25 05:00:00+00:00,5098.0,234.0,2.0
2020-01-25 06:00:00+00:00,5631.0,214.0,119.0
2020-01-25 07:00:00+00:00,5852.0,153.0,394.0
2020-01-25 08:00:00+00:00,5716.0,124.0,589.0
2020-01-25 09:00:00+00:00,5500.0,134.0,683.0
2020-01-25 10:00:00+00:00,5331.0,108.0,704.0
2020-01-25 11:00:00+00:00,5116.0,94.0,667.0
2020-01-25 12:00:00+00:00,4935.0,66.0,554.0
2020-01-25 13:00:00+00:00,4887.0,56.0,348.0
2020-01-25 14:00:00+00:00,5029.0,41.0,103.0
2020-01-25 15:00:00+00:00,5487.0,38.0,2.0
2020-01-25 16:00:00+00:00,5896.0,49.0,0.0
2020-01-25 17:00:00+00:00,5797.0,66.0,0.0
2020-01-25 18:00:00+00:00,5561.0,104.0,0.0
2020-01-25 19:00:00+00:00,5295.0,158.0,0.0
2020-01-25 20:00:00+00:00,5113.0,191.0,0.0
2020-01-25 21:00:00+00:00,4838.0,152.0,0.0
2020-01-25 22:00:00+00:00,4568.0,155.0,0.0
2020-01-25 23:00:00+00:00,4321.0,182.0,0.0
2020-01-26 00:00:00+00:00,4217.0,248.0,0.0
2020-01-26 01:00:00+00:00,4167.0,272.0,0.0
2020-01-26 02:00:00+00:00,4168.0,170.0,0.0
2020-01-26 03:00:00+00:00,4224.0,171.0,0.0
2020-01-26 04:00:00+00:00,4342.0,165.0,0.0
2020-01-26 05:00:00+00:00,4585.0,149.0,3.0
2020-01-26 06:00:00+00:00,5069.0,88.0,99.0
2020-01-26 07:00:00+00:00,5361.0,43.0,337.0
2020-01-26 08:00:00+00:00,5353.0,13.0,541.0
2020-01-26 09:00:00+00:00,5181.0,9.0,640.0
2020-01-26 10:00:00+00:00,5048.0,6.0,668.0
2020-01-26 11:00:00+00:00,4880.0,5.0,642.0
2020-01-26 12:00:00+00:00,4716.0,4.0,529.0
2020-01-26 13:00:00+00:00,4725.0,3.0,305.0
2020-01-26 14:00:00+00:00,4928.0,4.0,83.0
2020-01-26 15:00:00+00:00,5487.0,3.0,1.0
2020-01-26 16:00:00+00:00,5917.0,8.0,0.0
2020-01-26 17:00:00+00:00,5826.0,17.0,0.0
2020-01-26 18:00:00+00:00,5591.0,27.0,0.0
2020-01-26 19:00:00+00:00,5284.0,29.0,0.0
2020-01-26 20:00:00+00:00,5039.0,35.0,0.0
2020-01-26 21:00:00+00:00,4676.0,34.0,0.0
2020-01-26 22:00:00+00:00,4322.0,38.0,0.0
2020-01-26 23:00:00+00:00,4093.0,42.0,0.0
2020-01-27 00:00:00+00:00,4004.0,47.0,0.0
2020-01-27 01:00:00+00:00,3959.0,69.0,0.0
2020-01-27 02:00:00+00:00,4021.0,86.0,0.0
2020-01-27 03:00:00+00:00,4205.0,92.0,0.0
2020-01-27 04:00:00+00:00,4702.0,73.0,0.0
2020-01-27 05:00:00+00:00,5256.0,98.0,0.0
2020-01-27 06:00:00+00:00,5763.0,105.0,39.0
2020-01-27 07:00:00+00:00,5929.0,112.0,115.0
2020-01-27 08:00:00+00:00,5824.0,82.0,167.0
2020-01-27 09:00:00+00:00,5717.0,88.0,197.0
2020-01-27 10:00:00+00:00,5576.0,131.0,207.0
2020-01-27 11:00:00+00:00,5542.0,148.0,193.0
2020-01-27 12:00:00+00:00,5469.0,155.0,135.0
2020-01-27 13:00:00+00:00,5522.0,121.0,60.0
2020-01-27 14:00:00+00:00,5572.0,102.0,14.0
2020-01-27 15:00:00+00:00,5737.0,82.0,0.0
2020-01-27 16:00:00+00:00,5990.0,88.0,0.0
2020-01-27 17:00:00+00:00,5918.0,115.0,0.0
2020-01-27 18:00:00+00:00,5622.0,104.0,0.0
2020-01-27 19:00:00+00:00,5368.0,114.0,0.0
2020-01-27 20:00:00+00:00,5141.0,103.0,0.0
2020-01-27 21:00:00+00:00,4751.0,118.0,0.0
2020-01-27 22:00:00+00:00,4422.0,204.0,0.0
2020-01-27 23:00:00+00:00,4195.0,235.0,0.0
2020-01-28 00:00:00+00:00,4090.0,282.0,0.0
2020-01-28 01:00:00+00:00,4069.0,320.0,0.0
2020-01-28 02:00:00+00:00,4107.0,361.0,0.0
2020-01-28 03:00:00+00:00,4255.0,411.0,0.0
2020-01-28 04:00:00+00:00,4710.0,400.0,0.0
2020-01-28 05:00:00+00:00,5236.0,370.0,2.0
2020-01-28 06:00:00+00:00,5633.0,307.0,98.0
2020-01-28 07:00:00+00:00,5693.0,252.0,327.0
2020-01-28 08:00:00+00:00,5526.0,190.0,505.0
2020-01-28 09:00:00+00:00,5372.0,179.0,601.0
2020-01-28 10:00:00+00:00,5196.0,158.0,601.0
2020-01-28 11:00:00+00:00,5112.0,110.0,581.0
2020-01-28 12:00:00+00:00,4974.0,97.0,507.0
2020-01-28 13:00:00+00:00,4966.0,50.0,340.0
2020-01-28 14:00:00+00:00,5040.0,27.0,112.0
2020-01-28 15:00:00+00:00,5297.0,13.0,4.0
2020-01-28 16:00:00+00:00,5749.0,19.0,0.0
2020-01-28 17:00:00+00:00,5746.0,42.0,0.0
2020-01-28 18:00:00+00:00,5505.0,116.0,0.0
2020-01-28 19:00:00+00:00,5255.0,189.0,0.0
2020-01-28 20:00:00+00:00,5036.0,221.0,0.0
2020-01-28 21:00:00+00:00,4663.0,238.0,0.0
2020-01-28 22:00:00+00:00,4310.0,239.0,0.0
2020-01-28 23:00:00+00:00,4089.0,235.0,0.0
2020-01-29 00:00:00+00:00,3989.0,246.0,0.0
2020-01-29 01:00:00+00:00,3969.0,304.0,0.0
2020-01-29 02:00:00+00:00,4013.0,299.0,0.0
2020-01-29 03:00:00+00:00,4152.0,299.0,0.0
2020-01-29 04:00:00+00:00,4557.0,357.0,0.0
2020-01-29 05:00:00+00:00,5014.0,374.0,1.0
2020-01-29 06:00:00+00:00,5460.0,395.0,44.0
2020-01-29 07:00:00+00:00,5710.0,403.0,166.0
2020-01-29 08:00:00+00:00,5670.0,389.0,253.0
2020-01-29 09:00:00+00:00,5644.0,351.0,225.0
2020-01-29 10:00:00+00:00,5502.0,417.0,214.0
2020-01-29 11:00:00+00:00,5409.0,436.0,214.0
2020-01-29 12:00:00+00:00,5297.0,475.0,218.0
2020-01-29 13:00:00+00:00,5257.0,407.0,148.0
2020-01-29 14:00:00+00:00,5340.0,260.0,39.0
2020-01-29 15:00:00+00:00,5537.0,173.0,1.0
2020-01-29 16:00:00+00:00,5890.0,126.0,0.0
2020-01-29 17:00:00+00:00,5848.0,135.0,0.0
2020-01-29 18:00:00+00:00,5607.0,147.0,0.0
2020-01-29 19:00:00+00:00,5366.0,107.0,0.0
2020-01-29 20:00:00+00:00,5210.0,76.0,0.0
2020-01-29 21:00:00+00:00,4850.0,42.0,0.0
2020-01-29 22:00:00+00:00,4463.0,44.0,0.0
2020-01-29 23:00:00+00:00,4228.0,72.0,0.0
2020-01-30 00:00:00+00:00,4104.0,135.0,0.0
2020-01-30 01:00:00+00:00,4060.0,179.0,0.0
2020-01-30 02:00:00+00:00,4060.0,211.0,0.0
2020-01-30 03:00:00+00:00,4232.0,319.0,0.0
2020-01-30 04:00:00+00:00,4707.0,319.0,0.0
2020-01-30 05:00:00+00:00,5169.0,255.0,1.0
2020-01-30 06:00:00+00:00,5591.0,177.0,93.0
2020-01-30 07:00:00+00:00,5673.0,204.0,353.0
2020-01-30 08:00:00+00:00,5595.0,225.0,514.0
2020-01-30 09:00:00+00:00,5546.0,175.0,576.0
2020-01-30 10:00:00+00:00,5474.0,303.0,552.0
2020-01-30 11:00:00+00:00,5411.0,339.0,495.0
2020-01-30 12:00:00+00:00,5301.0,310.0,384.0
2020-01-30 13:00:00+00:00,5257.0,299.0,314.0
2020-01-30 14:00:00+00:00,5304.0,230.0,126.0
2020-01-30 15:00:00+00:00,5529.0,246.0,5.0
2020-01-30 16:00:00+00:00,5962.0,242.0,0.0
2020-01-30 17:00:00+00:00,5941.0,292.0,0.0
2020-01-30 18:00:00+00:00,5736.0,367.0,0.0
2020-01-30 19:00:00+00:00,5484.0,445.0,0.0
2020-01-30 20:00:00+00:00,5283.0,454.0,0.0
2020-01-30 21:00:00+00:00,4899.0,427.0,0.0
2020-01-30 22:00:00+00:00,4573.0,379.0,0.0
2020-01-30 23:00:00+00:00,4356.0,357.0,0.0
